Joint,U1,U2,U3
75,0.49591924621955996,13.678006815165077,-0.0064404120940521285
