Joint,U1,U2,U3
75,0.4959192462142065,13.678006815295358,-0.006440412094049698
