Joint,U1,U2,U3
75,-0.8279330134442999,1.701202033392119,0.0025382697722561003
