Joint,U1,U2,U3
75,0.49591924622191885,13.678006815172829,-0.006440412094066549
